[
    { 
        "id": 1,
        "name": "City 1", 
        "description": "<p>Description for City 1</p>",
        "images": [
            "./style/imgs/building1.png",
            "./style/imgs/building2.png",
            "./style/imgs/building3.png"
        ]
    },
    { 
        "id": 2,
        "name": "City 2", 
        "description": "<p>Description for City 2</p>",
        "images": [
            "./style/imgs/building1.png",
            "./style/imgs/building2.png",
            "./style/imgs/building3.png"
        ]
    },
    { 
        "id": 3,
        "name": "City 3", 
        "description": "<p>Description for City 3</p>",
        "images": [
            "./style/imgs/building1.png",
            "./style/imgs/building2.png",
            "./style/imgs/building3.png"
        ]
    }

]